dataset,split,classifier,tuned,accuracy,precision,recall,f1,auc_macro,cm_file,loss_file,best_params
digits,0.5,MLP,False,0.9221357063403782,0.924727205178225,0.9215088220471624,0.9214529185513516,0.9942409044696708,/content/assignment_outputs/mlp/digits_MLP_split50_cm_notuned.png,/content/assignment_outputs/mlp/digits_MLP_split50_loss_notuned.png,
digits,0.5,MLP,True,0.9588431590656284,0.9595847988876907,0.9585493539836735,0.9585883218695755,0.9981625294644232,/content/assignment_outputs/mlp/digits_MLP_split50_cm_tuned.png,/content/assignment_outputs/mlp/digits_MLP_split50_loss_tuned.png,"{'alpha': 0.0001, 'learning_rate_init': 0.01, 'max_iter': 400, 'momentum': 0.9}"
digits,0.6,MLP,False,0.9304589707927677,0.9336892966769744,0.9299376089106941,0.9297920744392177,0.9951673926226322,/content/assignment_outputs/mlp/digits_MLP_split60_cm_notuned.png,/content/assignment_outputs/mlp/digits_MLP_split60_loss_notuned.png,
digits,0.6,MLP,True,0.9652294853963839,0.9663119001021643,0.9648799034695233,0.9649877513242938,0.9985916758168385,/content/assignment_outputs/mlp/digits_MLP_split60_cm_tuned.png,/content/assignment_outputs/mlp/digits_MLP_split60_loss_tuned.png,"{'alpha': 0.0001, 'learning_rate_init': 0.01, 'max_iter': 400, 'momentum': 0.9}"
digits,0.7,MLP,False,0.9481481481481482,0.949080744865894,0.9476030503388995,0.9476851908226521,0.9954379921344094,/content/assignment_outputs/mlp/digits_MLP_split70_cm_notuned.png,/content/assignment_outputs/mlp/digits_MLP_split70_loss_notuned.png,
digits,0.7,MLP,True,0.9796296296296296,0.9795843045843045,0.9795506345506345,0.9795336364233732,0.9987580039308108,/content/assignment_outputs/mlp/digits_MLP_split70_cm_tuned.png,/content/assignment_outputs/mlp/digits_MLP_split70_loss_tuned.png,"{'alpha': 0.0001, 'learning_rate_init': 0.01, 'max_iter': 200, 'momentum': 0.9}"
digits,0.8,MLP,False,0.9416666666666667,0.9439870509607351,0.9411776061776063,0.9409253748837612,0.9958012434937903,/content/assignment_outputs/mlp/digits_MLP_split80_cm_notuned.png,/content/assignment_outputs/mlp/digits_MLP_split80_loss_notuned.png,
digits,0.8,MLP,True,0.9666666666666667,0.9663430587114796,0.9663449163449164,0.96604531521341,0.9987096114917581,/content/assignment_outputs/mlp/digits_MLP_split80_cm_tuned.png,/content/assignment_outputs/mlp/digits_MLP_split80_loss_tuned.png,"{'alpha': 0.0001, 'learning_rate_init': 0.01, 'max_iter': 400, 'momentum': 0.7}"
