dataset,split,classifier,tuned,accuracy,precision,recall,f1,auc_macro,cm_file,loss_file,best_params
wine,0.5,MLP,False,0.9438202247191011,0.9469841269841269,0.9476190476190477,0.9467345947606823,0.9880087217657839,/content/assignment_outputs/mlp/wine_MLP_split50_cm_notuned.png,/content/assignment_outputs/mlp/wine_MLP_split50_loss_notuned.png,
wine,0.5,MLP,True,0.9550561797752809,0.9561247947454844,0.9587301587301588,0.9572005073215726,0.993644930085608,/content/assignment_outputs/mlp/wine_MLP_split50_cm_tuned.png,/content/assignment_outputs/mlp/wine_MLP_split50_loss_tuned.png,"{'alpha': 0.0001, 'learning_rate_init': 0.01, 'max_iter': 200, 'momentum': 0.7}"
wine,0.6,MLP,False,0.9583333333333334,0.9632850241545894,0.960727969348659,0.9617742517129463,0.9914048345659211,/content/assignment_outputs/mlp/wine_MLP_split60_cm_notuned.png,/content/assignment_outputs/mlp/wine_MLP_split60_loss_notuned.png,
wine,0.6,MLP,True,0.9722222222222222,0.9746168582375478,0.9746168582375478,0.9746168582375478,0.9972166997089311,/content/assignment_outputs/mlp/wine_MLP_split60_cm_tuned.png,/content/assignment_outputs/mlp/wine_MLP_split60_loss_tuned.png,"{'alpha': 0.0001, 'learning_rate_init': 0.01, 'max_iter': 200, 'momentum': 0.7}"
wine,0.7,MLP,False,0.9444444444444444,0.9439814814814814,0.9497354497354498,0.9463385494069995,0.9950897867564534,/content/assignment_outputs/mlp/wine_MLP_split70_cm_notuned.png,/content/assignment_outputs/mlp/wine_MLP_split70_loss_notuned.png,
wine,0.7,MLP,True,0.9629629629629629,0.9656084656084656,0.9656084656084656,0.9656084656084656,0.998523595745818,/content/assignment_outputs/mlp/wine_MLP_split70_cm_tuned.png,/content/assignment_outputs/mlp/wine_MLP_split70_loss_tuned.png,"{'alpha': 0.0001, 'learning_rate_init': 0.001, 'max_iter': 400, 'momentum': 0.9}"
wine,0.8,MLP,False,0.9444444444444444,0.9484126984126985,0.9484126984126985,0.9484126984126985,0.9945135882635882,/content/assignment_outputs/mlp/wine_MLP_split80_cm_notuned.png,/content/assignment_outputs/mlp/wine_MLP_split80_loss_notuned.png,
wine,0.8,MLP,True,0.9444444444444444,0.9505494505494506,0.942857142857143,0.9453132832080201,0.9989177489177489,/content/assignment_outputs/mlp/wine_MLP_split80_cm_tuned.png,/content/assignment_outputs/mlp/wine_MLP_split80_loss_tuned.png,"{'alpha': 0.0001, 'learning_rate_init': 0.01, 'max_iter': 200, 'momentum': 0.9}"
