dataset,split,classifier,tuned,accuracy,precision,recall,f1,auc_macro,cm_file,loss_file,best_params
wine_pca,0.5,MLP,False,0.9550561797752809,0.9542857142857143,0.955952380952381,0.9548945001729505,0.9930401205824935,/content/assignment_outputs/mlp/wine_pca_MLP_split50_cm_notuned.png,/content/assignment_outputs/mlp/wine_pca_MLP_split50_loss_notuned.png,
wine_pca,0.5,MLP,True,0.9662921348314607,0.9635294117647059,0.9670634920634921,0.9650990831115055,0.9979480396147062,/content/assignment_outputs/mlp/wine_pca_MLP_split50_cm_tuned.png,/content/assignment_outputs/mlp/wine_pca_MLP_split50_loss_tuned.png,"{'alpha': 0.0001, 'learning_rate_init': 0.01, 'max_iter': 200, 'momentum': 0.7}"
wine_pca,0.6,MLP,False,0.9444444444444444,0.9436781609195402,0.9455787457148618,0.9442782700302876,0.9970917066051023,/content/assignment_outputs/mlp/wine_pca_MLP_split60_cm_notuned.png,/content/assignment_outputs/mlp/wine_pca_MLP_split60_loss_notuned.png,
wine_pca,0.6,MLP,True,0.9861111111111112,0.9833333333333334,0.9885057471264368,0.9856050382366172,0.9991980753809142,/content/assignment_outputs/mlp/wine_pca_MLP_split60_cm_tuned.png,/content/assignment_outputs/mlp/wine_pca_MLP_split60_loss_tuned.png,"{'alpha': 0.0001, 'learning_rate_init': 0.01, 'max_iter': 200, 'momentum': 0.9}"
wine_pca,0.7,MLP,False,0.9444444444444444,0.9416666666666668,0.9460317460317459,0.943351691581432,0.995974395974396,/content/assignment_outputs/mlp/wine_pca_MLP_split70_cm_notuned.png,/content/assignment_outputs/mlp/wine_pca_MLP_split70_loss_notuned.png,
wine_pca,0.7,MLP,True,0.9814814814814815,0.9824561403508771,0.9841269841269842,0.9828609096901779,0.9985569985569985,/content/assignment_outputs/mlp/wine_pca_MLP_split70_cm_tuned.png,/content/assignment_outputs/mlp/wine_pca_MLP_split70_loss_tuned.png,"{'alpha': 0.0001, 'learning_rate_init': 0.01, 'max_iter': 200, 'momentum': 0.9}"
wine_pca,0.8,MLP,False,0.9722222222222222,0.9777777777777779,0.9666666666666667,0.9709618874773139,0.9989177489177489,/content/assignment_outputs/mlp/wine_pca_MLP_split80_cm_notuned.png,/content/assignment_outputs/mlp/wine_pca_MLP_split80_loss_notuned.png,
wine_pca,0.8,MLP,True,1.0,1.0,1.0,1.0,1.0,/content/assignment_outputs/mlp/wine_pca_MLP_split80_cm_tuned.png,/content/assignment_outputs/mlp/wine_pca_MLP_split80_loss_tuned.png,"{'alpha': 0.0001, 'learning_rate_init': 0.01, 'max_iter': 200, 'momentum': 0.9}"
