dataset,split,classifier,tuned,accuracy,precision,recall,f1,auc_macro,cm_file,best_params
digits,0.5,RF,False,0.9588431590656284,0.9601358041139318,0.9587386817699892,0.9587594419886362,0.9972532796100264,/content/assignment_outputs/rf/digits_RF_split50_cm_notuned.png,
digits,0.5,RF,True,0.9588431590656284,0.9601358041139318,0.9587386817699892,0.9587594419886362,0.9972532796100264,/content/assignment_outputs/rf/digits_RF_split50_cm_tuned.png,"{'max_depth': None, 'n_estimators': 100}"
digits,0.6,RF,False,0.9666203059805285,0.9676526158855385,0.9664068658526503,0.9665039134271026,0.9991610450821871,/content/assignment_outputs/rf/digits_RF_split60_cm_notuned.png,
digits,0.6,RF,True,0.9666203059805285,0.9676526158855385,0.9664068658526503,0.9665039134271026,0.9991610450821871,/content/assignment_outputs/rf/digits_RF_split60_cm_tuned.png,"{'max_depth': None, 'n_estimators': 100}"
digits,0.7,RF,False,0.9685185185185186,0.9694497352099546,0.968158508158508,0.9682059832770195,0.9990655575693982,/content/assignment_outputs/rf/digits_RF_split70_cm_notuned.png,
digits,0.7,RF,True,0.9648148148148148,0.9657477944953019,0.9644172494172494,0.9644332681862264,0.9991783885509905,/content/assignment_outputs/rf/digits_RF_split70_cm_tuned.png,"{'max_depth': None, 'n_estimators': 200}"
digits,0.8,RF,False,0.9611111111111111,0.9619702683750673,0.9607099957099956,0.960721968766882,0.9991821220690644,/content/assignment_outputs/rf/digits_RF_split80_cm_notuned.png,
digits,0.8,RF,True,0.9638888888888889,0.9647480461528449,0.9635671385671385,0.9635405712027533,0.999112778557888,/content/assignment_outputs/rf/digits_RF_split80_cm_tuned.png,"{'max_depth': 10, 'n_estimators': 200}"
