dataset,split,classifier,tuned,accuracy,precision,recall,f1,auc_macro,cm_file,best_params
wine,0.5,RF,False,0.9775280898876404,0.9759139784946237,0.980952380952381,0.9779288764686201,0.9977597156975687,/content/assignment_outputs/rf/wine_RF_split50_cm_notuned.png,
wine,0.5,RF,True,0.9775280898876404,0.9759139784946237,0.980952380952381,0.9779288764686201,0.9978104182906442,/content/assignment_outputs/rf/wine_RF_split50_cm_tuned.png,"{'max_depth': None, 'n_estimators': 200}"
wine,0.6,RF,False,0.9861111111111112,0.9866666666666667,0.9885057471264368,0.9873493256951903,0.9997106481481483,/content/assignment_outputs/rf/wine_RF_split60_cm_notuned.png,
wine,0.6,RF,True,0.9861111111111112,0.9866666666666667,0.9885057471264368,0.9873493256951903,0.9988866798835724,/content/assignment_outputs/rf/wine_RF_split60_cm_tuned.png,"{'max_depth': None, 'n_estimators': 50}"
wine,0.7,RF,False,1.0,1.0,1.0,1.0,1.0,/content/assignment_outputs/rf/wine_RF_split70_cm_notuned.png,
wine,0.7,RF,True,1.0,1.0,1.0,1.0,1.0,/content/assignment_outputs/rf/wine_RF_split70_cm_tuned.png,"{'max_depth': None, 'n_estimators': 50}"
wine,0.8,RF,False,1.0,1.0,1.0,1.0,1.0,/content/assignment_outputs/rf/wine_RF_split80_cm_notuned.png,
wine,0.8,RF,True,1.0,1.0,1.0,1.0,1.0,/content/assignment_outputs/rf/wine_RF_split80_cm_tuned.png,"{'max_depth': None, 'n_estimators': 100}"
